"1","Äá»«ng máº¯ng","dung-mang","dung-mang","1631442793-img.jpg","<p style=""box-sizing: inherit; font-family: &quot;EB Garamond&quot;, serif; line-height: 1.7; margin-bottom: 1.5em; text-rendering: optimizelegibility; color: rgb(136, 136, 136);"">Em Ong aka CÆ¡m KhÃª nhÃ  tÃ´i ráº¥t sá»£ bá»‹ máº¯ng. Cá»© há»… tÃ´i hÆ¡i nhÃ­u mÃ y to tiáº¿ng lÃ  em áº¥y Ä‘Ã£ hoáº£ng há»‘t van vá»‰: â€œLÃª Æ¡i, Ä‘á»«ng máº¯ng.â€</p><p style=""box-sizing: inherit; font-family: &quot;EB Garamond&quot;, serif; line-height: 1.7; margin-bottom: 1.5em; text-rendering: optimizelegibility; color: rgb(136, 136, 136);"">CÃ³ má»™t buá»•i sÃ¡ng ná», CÆ¡m KhÃª vá»«a má»Ÿ máº¯t Ä‘Ã£ Ã¬ Ã¨o mÃ¨ nheo khÃ³c lÃ³c, Ä‘Ã²i máº¹ pha sá»¯a rá»“i láº¡i khÃ´ng chá»‹u uá»‘ng sá»¯a. TÃ´i lÃ m gÃ¬ cÅ©ng khÃ´ng khiáº¿n em vá»«a lÃ²ng. 30â€² trÃ´i qua tÃ´i Ä‘Ã£ háº¿t kiÃªn nháº«n. Äá»ƒ trÃ¡nh xung Ä‘á»™t xáº£y ra, tÃ´i Ä‘á»ƒ ká»‡ em ngá»“i trÃªn gháº¿, bÃªn cá»‘c sá»¯a, cÃ²n tÃ´i bá» vÃ o phÃ²ng Ä‘Ã³ng cá»­a láº¡i ngá»“i lÃ m viá»‡c.</p><p style=""box-sizing: inherit; font-family: &quot;EB Garamond&quot;, serif; line-height: 1.7; margin-bottom: 1.5em; text-rendering: optimizelegibility; color: rgb(136, 136, 136);"">Táº¥t nhiÃªn lÃ  em áº¥y khÃ³c, khÃ³c to hÆ¡n Ä‘á»ƒ Ä‘Ã²i tÃ´i. NhÆ°ng lÃºc nÃ y tÃ´i cÅ©ng tá»©c, tÃ´i khÃ´ng ra vá»›i CÆ¡m KhÃª ná»¯a. BÃ  vÃ  ba pháº£i thay nhau dá»— dÃ nh má»™t lÃºc lÃ¢u em má»›i uá»‘ng háº¿t sá»¯a cháº¡y Ä‘i chÆ¡i vá»›i chá»‹ SÃ¢u. LÃºc nÃ y cháº¯c em áº¥y cÅ©ng Ä‘Ã£ quÃªn tÃ´i máº¥t rá»“i.</p><p style=""box-sizing: inherit; font-family: &quot;EB Garamond&quot;, serif; line-height: 1.7; margin-bottom: 1.5em; text-rendering: optimizelegibility; color: rgb(136, 136, 136);"">HÆ¡n 1 tiáº¿ng Ä‘á»“ng há»“ sau tÃ´i má»›i lÃ³ máº·t ra khá»i phÃ²ng, vÃ¬ lÃºc nÃ y mÃ¡y tÃ­nh Ä‘Ã£ háº¿t pin. TÃ´i gáº·p CÆ¡m KhÃª á»Ÿ ngay hÃ nh lang giá»¯a cÃ¡c phÃ²ng ngá»§, CÆ¡m KhÃª Ä‘ang cháº¡y vá»¥t qua tÃ´i bÃ¨n quay láº¡i. Em áº¥y nhÃ¬n tÃ´i vá»›i váº» thÃ nh kháº©n nháº¥t cÃ³ thá»ƒ, giá»ng vá»«a thÃ¬ tháº§m láº¡i vá»«a ná»‹nh bá»£:</p><p style=""box-sizing: inherit; font-family: &quot;EB Garamond&quot;, serif; line-height: 1.7; margin-bottom: 1.5em; text-rendering: optimizelegibility; color: rgb(136, 136, 136);"">â€“ LÃª Æ¡i, Ä‘á»«ng máº¯ng nhÃ¡, Ä‘á»«ng máº¯ng ná»¯a nhÃ¡.</p><p style=""box-sizing: inherit; font-family: &quot;EB Garamond&quot;, serif; line-height: 1.7; margin-bottom: 1.5em; text-rendering: optimizelegibility; color: rgb(136, 136, 136);"">Má»™t láº§n khÃ¡c, ba chá»‹ em Ä‘ang chÆ¡i vá»›i nhau thÃ¬ hÃ¬nh nhÆ° SÃ¢u pháº¡m má»™t lá»—i gÃ¬ Ä‘Ã³. TÃ´i báº¯t Ä‘áº§u nghe tháº¥y tiáº¿ng NhÃ­m máº¯ng SÃ¢u, cÃ²n SÃ¢u thÃ¬ Ä‘ang gÃ o lÃªn khÃ³c lÃ³c. Tiáº¿p Ä‘Ã³, tÃ´i láº¡i nghe tháº¥y tiáº¿ng cá»§a CÆ¡m KhÃª lÃ©o nhÃ©o nhÆ°ng giá»¯a má»™t Ä‘á»‘ng Ã¢m thanh há»—n táº¡p tÃ´i khÃ´ng thá»ƒ hiá»ƒu Ä‘Æ°á»£c em áº¥y muá»‘n nÃ³i gÃ¬. Rá»“i sau Ä‘Ã³ CÆ¡m KhÃª báº¯t Ä‘áº§u khÃ³c cÃ¹ng vá»›i SÃ¢u.</p><p style=""box-sizing: inherit; font-family: &quot;EB Garamond&quot;, serif; line-height: 1.7; margin-bottom: 1.5em; text-rendering: optimizelegibility; color: rgb(136, 136, 136);"">TÃ´i bÃ¨n nháº¥c táº¥m thÃ¢n lÆ°á»i nhÃ¡c Ä‘i vÃ o phÃ²ng xem cÆ¡ sá»± tháº¿ nÃ o. Chuyá»‡n NhÃ­m SÃ¢u máº¯ng nhau thÃ¬ ngÃ y nÃ o cÅ©ng xáº£y ra á»Ÿ nhÃ  tÃ´i, nhÆ°ng nay thÃªm tiáº¿ng khÃ³c cá»§a CÆ¡m KhÃª ná»¯a thÃ¬ tÃ´i tháº¥y cÅ©ng hÆ¡i láº¡.</p><p style=""box-sizing: inherit; font-family: &quot;EB Garamond&quot;, serif; line-height: 1.7; margin-bottom: 1.5em; text-rendering: optimizelegibility; color: rgb(136, 136, 136);"">Vá»«a tháº¥y máº·t tÃ´i, CÆ¡m KhÃª Ä‘Ã£ nhanh nháº£u cháº¡y láº¡i mÃ¡ch:</p><p style=""box-sizing: inherit; font-family: &quot;EB Garamond&quot;, serif; line-height: 1.7; margin-bottom: 1.5em; text-rendering: optimizelegibility; color: rgb(136, 136, 136);"">â€“ LÃª Æ¡i, NhÃ­m máº¯ng SÃ¢u. NhÃ­m hÆ°. LÃª máº¯ng NhÃ­m Ä‘i.</p><p style=""box-sizing: inherit; font-family: &quot;EB Garamond&quot;, serif; line-height: 1.7; margin-bottom: 1.5em; text-rendering: optimizelegibility; color: rgb(136, 136, 136);"">Ãi chÃ , láº¡i cÃ²n mÃ¡ch tá»™i chá»‹ ná»¯a cÆ¡ Ä‘áº¥y, láº¡i cÃ²n cÃ³ cáº£ chá»‹ yÃªu chá»‹ ghÃ©t ná»¯a cÆ¡ Ä‘áº¥y. TÃ´i váº«n khÃ´ng hiá»ƒu, vÃ¬ CÆ¡m KhÃª yÃªu SÃ¢u hÆ¡n, hay vÃ¬ em áº¥y muá»‘n bÃªnh káº» yáº¿u hÆ¡n, mÃ  má»™t má»±c báº£o vá»‡ SÃ¢u.</p><p style=""box-sizing: inherit; font-family: &quot;EB Garamond&quot;, serif; line-height: 1.7; margin-bottom: 1.5em; text-rendering: optimizelegibility; color: rgb(136, 136, 136);"">NhÃ­m to tiáº¿ng ká»ƒ tá»™i SÃ¢u, SÃ¢u ná»©c ná»Ÿ khÃ³c máº¿u mÃ¡o, nÃ³i khÃ´ng nÃªn lá»i. CÆ¡m KhÃª nhÃ o vÃ o giá»¯a hai chá»‹, giang hai tay che cho SÃ¢u, rá»“i láº¡i xoa lÆ°ng SÃ¢u Ä‘á»ƒ dá»— dÃ nh. NhÆ°ng dá»— mÃ£i khÃ´ng Ä‘Æ°á»£c, SÃ¢u váº«n khÃ³c vÃ  NhÃ­m váº«n máº¯ng, CÆ¡m KhÃª báº¥t lá»±c náº±m váº­t ra, Ãºp máº·t xuá»‘ng giÆ°á»ng khÃ³c ná»©c ná»Ÿ.</p><p style=""box-sizing: inherit; font-family: &quot;EB Garamond&quot;, serif; line-height: 1.7; margin-bottom: 1.5em; text-rendering: optimizelegibility; color: rgb(136, 136, 136);"">Váº­y Ä‘áº¥y, náº¿u má»i ngÆ°á»i há»i nhÃ  cÃ³ ba cÃ´ con gÃ¡i thÃ¬ sáº½ tháº¿ nÃ o. Bá»n nÃ³ sáº½ khÃ´ng cháº¡y loáº¡n tÃ¹ng phÃ¨o, khÃ´ng leo trÃ¨o nghá»‹ch ngá»£m quÃ¡ má»©c lÃ m gÃ£y Ä‘á»• Ä‘á»“ Ä‘áº¡c. NhÆ°ng chÃºng nÃ³ sáº½ suá»‘t ngÃ y Ã­ nhÃ©o máº¯ng má», ká»ƒ tá»™i láº«n nhau rá»“i nÆ°á»›c máº¯t ngáº¯n nÆ°á»›c máº¯t dÃ i khÃ³c lÃ³c. Kiá»ƒu gÃ¬ cÅ©ng má»‡t nhÆ° nhau thÃ´i, cÃ¡c Ã´ng cÃ¡c bÃ  áº¡.</p><p style=""box-sizing: inherit; font-family: &quot;EB Garamond&quot;, serif; line-height: 1.7; margin-bottom: 1.5em; text-rendering: optimizelegibility; color: rgb(136, 136, 136);"">ThÃ´i cÅ©ng Ä‘Ã nh. Miá»…n sao Ä‘áº¿n cuá»‘i ngÃ y, chÃºng láº¡i náº±m trÃ² chuyá»‡n vá»›i nhau cÆ°á»i rÃºc rÃ­ch máº¯ng mÃ£i má»›i chá»‹u Ä‘i ngá»§, lÃ  Ä‘Æ°á»£c.</p><div class=""wp-block-image"" style=""box-sizing: inherit; margin: 0px 0px 1em; color: rgb(136, 136, 136); font-family: &quot;EB Garamond&quot;, serif;""><figure class=""aligncenter size-large is-resized"" style=""box-sizing: inherit; display: table; margin-right: auto; margin-bottom: 0px; margin-left: auto; clear: both;""><img src=""https://lh3.googleusercontent.com/pw/ACtC-3cGp2KtwBRLbCBYzzUnbEeq8U-NNgeKxtJNN9eKa4QJaZ5BbevsRdH9hnjZCZ1F02PCZ1fQ9CL8XVuhQ8Yk1Ut6UitQ7lgAd92HBp31lxDt8RgRdXam8Z4MsK58nMtnmYoea9mnm6JBWrUVo1ViaXO5GA=w1150-h1532-no?authuser=0"" alt="""" width=""575"" height=""766"" scale=""0"" style=""box-sizing: inherit; height: auto; max-width: 100%; border-radius: inherit;""></figure></div>","Admin","1","2021-09-11T05:13:10.000000Z","2021-09-12T10:33:13.000000Z"
"3","ccc","ccc","ccc","1631442802-img.jpg","<p>aaa</p>","Admin","1","2021-09-11T05:17:46.000000Z","2021-09-12T10:33:22.000000Z"
"5","lala","lala","lala","1631442812-img.jpg","<p>qefew</p>","Admin","1","2021-09-11T14:01:50.000000Z","2021-09-12T10:33:32.000000Z"
"6","Bá»‘ máº¹ tháº¿ há»‡ Millennial","bo-me-the-he-millennial","bo-me-the-he-millennial","1631369688-img.jpg","<p style=""box-sizing: inherit; font-family: &quot;EB Garamond&quot;, serif; line-height: 1.7; margin-bottom: 1.5em; text-rendering: optimizelegibility; color: rgb(136, 136, 136);"">Tháº¿ há»‡ Millennial (hay cÃ²n gá»i lÃ  Tháº¿ há»‡ Y) lÃ  cá»¥m tá»« dÃ¹ng Ä‘á»ƒ chá»‰ nhá»¯ng ai ra Ä‘á»i tá»« trong khoáº£ng Ä‘áº§u tháº­p niÃªn 80 cho Ä‘áº¿n cuá»‘i tháº­p niÃªn 90. Thá»±c ra mÃ¬nh cÅ©ng khÃ´ng rÃµ liá»‡u há» cÃ³ sá»‘ nÄƒm káº¿t thÃºc chÃ­nh xÃ¡c cho tháº¿ há»‡ Y khÃ´ng, cÃ³ láº½ lÃ  1996?<br style=""box-sizing: inherit;""><br style=""box-sizing: inherit;"">DÃ¹ sao thÃ¬, chÃ­nh ta cÅ©ng Ä‘ang á»Ÿ Ä‘á»™ tuá»•i 2x vÃ  3x vÃ  chÃºng ta Ä‘Ã£ tráº£i nghiá»‡m sá»± nghiá»‡p lÃ m cha máº¹, chÃºng ta Ä‘Æ°á»£c gá»i lÃ  nhá»¯ng â€œbá»‘ máº¹ tháº¿ há»‡ Yâ€.</p><p style=""box-sizing: inherit; font-family: &quot;EB Garamond&quot;, serif; line-height: 1.7; margin-bottom: 1.5em; text-rendering: optimizelegibility; color: rgb(136, 136, 136);"">MÃ¬nh Ä‘á»c má»™t bÃ i bÃ¡o khÃ¡ thÃº vá»‹ trÃªn&nbsp;<a href=""https://www.businessinsider.fr/us/differences-millennial-gen-x-baby-boomer-parents-2017-11"" style=""box-sizing: inherit; transition: all 0.2s ease 0s; color: rgb(232, 85, 78); line-height: inherit; word-break: break-word;"">Business Insider</a>, chá»‰ ra 20 Ä‘iá»ƒm mÃ  cÃ¡c Bá»‘ máº¹ tháº¿ há»‡ Y nuÃ´i con khÃ¡c vá»›i tháº¿ há»‡ X (tá»©c lÃ  bá»‘ máº¹ chÃºng ta). ThÃ´ng tin bÃ i bÃ¡o lÃ  tá»•ng há»£p tá»« cÃ¡c nghiÃªn cá»©u Ä‘Æ°á»£c thá»±c hiá»‡n á»Ÿ Má»¹. MÃ¬nh thá»­ liá»‡t kÃª ra Ä‘Ã¢y Ä‘á»ƒ xem chÃºng ta khÃ¡c vá»›i há» tháº¿ nÃ o nhÃ©.</p><p style=""box-sizing: inherit; font-family: &quot;EB Garamond&quot;, serif; line-height: 1.7; margin-bottom: 1.5em; text-rendering: optimizelegibility; color: rgb(136, 136, 136);""><span style=""box-sizing: inherit; font-weight: 700; line-height: inherit;"">1. TÃ¬m kiáº¿m lá»i khuyÃªn trÃªn máº¡ng thay vÃ¬ há»i Ã´ng bÃ , cha máº¹ hay báº¡n bÃ¨.&nbsp;</span></p><p style=""box-sizing: inherit; font-family: &quot;EB Garamond&quot;, serif; line-height: 1.7; margin-bottom: 1.5em; text-rendering: optimizelegibility; color: rgb(136, 136, 136);"">Con khÃ³c? Con khÃ´ng chá»‹u Äƒn? Con nÃ©m Ä‘á»“ chÆ¡i? Con hay cáº¯n báº¡n? ChÃºng ta sáº½ dá»… dÃ ng Ä‘Ã¡nh nhá»¯ng tá»« khoÃ¡ nÃ y Ä‘á»ƒ há»i Google, hoáº·c há»i cÃ¡c Ã´ng bá»‘ bÃ  máº¹ khÃ¡c trong cÃ¡c FB groups hÆ¡n lÃ  tÃ¬m Ä‘áº¿n bá»‘ máº¹ Ä‘á»ƒ xin lá»i khuyÃªn.<br style=""box-sizing: inherit;""><br style=""box-sizing: inherit;"">BÃ¡o Time trÃ­ch lá»i má»™t chuyÃªn gia lÃ m cha máº¹ ráº±ng&nbsp;<span style=""box-sizing: inherit; font-weight: 700; line-height: inherit;"">â€œGoogle ngÃ y nay lÃ  Ã´ng bÃ , lÃ  hÃ ng xÃ³m, lÃ  ngÆ°á»i giá»¯ tráº» má»›i.â€</span>&nbsp;Tin tá»‘t lÃ  cÃ¡c phá»¥ huynh tháº¿ há»‡ Y biáº¿t nhiá»u thÃ´ng tin hÆ¡n. Tin xáº¥u lÃ  Ä‘Ã´i khi chÃºng ta bá»‹ quÃ¡ táº£i thÃ´ng tin, khÃ´ng biáº¿t nÃªn tin vÃ o Ä‘Ã¢u.&nbsp;</p><p style=""box-sizing: inherit; font-family: &quot;EB Garamond&quot;, serif; line-height: 1.7; margin-bottom: 1.5em; text-rendering: optimizelegibility; color: rgb(136, 136, 136);""><span style=""box-sizing: inherit; font-weight: 700; line-height: inherit;"">2. Phá»¥ huynh tháº¿ há»‡ Y ghi láº¡i cuá»™c sá»‘ng cá»§a con trÃªn MXH</span></p><p style=""box-sizing: inherit; font-family: &quot;EB Garamond&quot;, serif; line-height: 1.7; margin-bottom: 1.5em; text-rendering: optimizelegibility; color: rgb(136, 136, 136);"">Nhá»¯ng em bÃ© Ä‘Æ°á»£c sinh ra á»Ÿ tháº¿ há»‡ Z háº§u nhÆ° Ä‘á»u cÃ³ dáº¥u áº¥n trÃªn máº¡ng trÆ°á»›c khi cÃ¡c chÃ¡u nháº­n thá»©c Ä‘Æ°á»£c Ä‘iá»u Ä‘Ã³ hay biáº¿t sá»­ dá»¥ng máº¡ng. Má»™t máº·t chÃºng ta Ä‘á»u hiá»ƒu nhá»¯ng hiá»ƒm nguy tiá»m tÃ ng khi phÆ¡i bÃ y cÃ¡c thÃ´ng tin cá»§a con trÃªn máº¡ng, nhÆ°ng láº¡i khÃ´ng thá»ƒ cÆ°á»¡ng Ä‘Æ°á»£c ham muá»‘n khoe con vá»›i cáº£ tháº¿ giá»›i&nbsp;<img draggable=""false"" role=""img"" class=""emoji"" alt=""ğŸ˜€"" src=""https://s0.wp.com/wp-content/mu-plugins/wpcom-smileys/twemoji/2/svg/1f600.svg"" scale=""0"" style=""box-sizing: inherit; max-width: 100%; height: 1em !important; display: inline !important; border-width: initial !important; border-color: initial !important; border-image: initial !important; box-shadow: none !important; width: 1em !important; margin: 0px 0.07em !important; vertical-align: -0.1em !important; background: none !important; padding: 0px !important;""><br style=""box-sizing: inherit;""><br style=""box-sizing: inherit;"">Theo Ä‘iá»u tra cá»§a Time vÃ  Survey Monkey, chá»‰ cÃ³ 19% cha máº¹ tháº¿ há»‡ Y tham gia tráº£ lá»i kháº£o sÃ¡t nÃ³i ráº±ng há» khÃ´ng bao giá» Ä‘Äƒng áº£nh con lÃªn máº¡ng.&nbsp;</p><p style=""box-sizing: inherit; font-family: &quot;EB Garamond&quot;, serif; line-height: 1.7; margin-bottom: 1.5em; text-rendering: optimizelegibility; color: rgb(136, 136, 136);""><span style=""box-sizing: inherit; font-weight: 700; line-height: inherit;"">3. Phá»¥ huynh tháº¿ há»‡ Y khÃ¡ lÃ  tá»± tin vÃ o ká»¹ nÄƒng lÃ m cha máº¹</span></p><p style=""box-sizing: inherit; font-family: &quot;EB Garamond&quot;, serif; line-height: 1.7; margin-bottom: 1.5em; text-rendering: optimizelegibility; color: rgb(136, 136, 136);"">CÃ³ pháº£i vÃ¬ chÃºng ta tá»± tin hÆ¡n vÃ¬ cÃ³ nhiá»u nguá»“n thÃ´ng tin hÆ¡n tháº¿ há»‡ X khÃ´ng? Internet, sÃ¡ch bÃ¡o, cÃ¡c há»™i tháº£o, há»… cáº§n lÃ  cÃ³. ChÆ°a ká»ƒ, tháº¿ há»‡ Y Ä‘Æ°á»£c hÆ°á»Ÿng ná»n giÃ¡o dá»¥c cÅ©ng nhÆ° Ä‘iá»u kiá»‡n cuá»™c sá»‘ng khÃ¡ hÆ¡n ná»¯a.&nbsp;</p><p style=""box-sizing: inherit; font-family: &quot;EB Garamond&quot;, serif; line-height: 1.7; margin-bottom: 1.5em; text-rendering: optimizelegibility; color: rgb(136, 136, 136);""><span style=""box-sizing: inherit; font-weight: 700; line-height: inherit;"">4. Phá»¥ huynh tháº¿ há»‡ Y gáº·p nhiá»u váº¥n Ä‘á» vá» tÃ i chÃ­nh hÆ¡n</span></p><p style=""box-sizing: inherit; font-family: &quot;EB Garamond&quot;, serif; line-height: 1.7; margin-bottom: 1.5em; text-rendering: optimizelegibility; color: rgb(136, 136, 136);"">Äiá»u nÃ y cÃ³ Ä‘Ãºng vá»›i cÃ¡c báº¡n khÃ´ng? ChÃºng ta kiáº¿m nhiá»u hÆ¡n nhÆ°ng cÅ©ng chi nhiá»u hÆ¡n cho viá»‡c há»c táº­p cá»§a con cÃ¡i. Chi phÃ­ cho trÆ°á»ng há»c (trÆ°á»ng tÆ°, trÆ°á»ng quá»‘c táº¿), chi phÃ­ cho cÃ¡c hoáº¡t Ä‘á»™ng ngoáº¡i khoÃ¡, tráº¡i hÃ¨â€¦chiáº¿m pháº§n lá»›n thu nháº­p cá»§a phá»¥ huynh.&nbsp;</p><p style=""box-sizing: inherit; font-family: &quot;EB Garamond&quot;, serif; line-height: 1.7; margin-bottom: 1.5em; text-rendering: optimizelegibility; color: rgb(136, 136, 136);"">Äá»‘i vá»›i phá»¥ huynh Má»¹ thÃ¬ Ä‘iá»u nÃ y lÃ  cÃ³ tháº­t. Nhá»¯ng ngÆ°á»i tá»« 18 Ä‘áº¿n 34 tuá»•i ngÃ y nay kiáº¿m Ä‘Æ°á»£c trung bÃ¬nh Ã­t hÆ¡n khoáº£ng 2.000 Ä‘Ã´&nbsp; so vá»›i má»©c há» cÃ³ thá»ƒ cÃ³ vÃ o nÄƒm 1980. VÃ  nhiá»u báº­c cha máº¹ thuá»™c tháº¿ há»‡ Y váº«n Ä‘ang tráº£ cÃ¡c khoáº£n vay thá»i Ä‘áº¡i há»c cá»§a há». CÃ³ váº» nhÆ° tháº¿ há»‡ Y á»Ÿ VN láº¡i khÃ´ng gáº·p pháº£i váº¥n Ä‘á» nÃ y vÃ¬ cha máº¹ chÃºng ta cÃ²n cho chÃºng ta tiá»n mua nhÃ  ná»¯a cÆ¡ mÃ  hihi.&nbsp;</p><p style=""box-sizing: inherit; font-family: &quot;EB Garamond&quot;, serif; line-height: 1.7; margin-bottom: 1.5em; text-rendering: optimizelegibility; color: rgb(136, 136, 136);""><span style=""box-sizing: inherit; font-weight: 700; line-height: inherit;"">5. Phá»¥ huynh tháº¿ há»‡ Y cÃ³ con muá»™n hÆ¡n</span></p><p style=""box-sizing: inherit; font-family: &quot;EB Garamond&quot;, serif; line-height: 1.7; margin-bottom: 1.5em; text-rendering: optimizelegibility; color: rgb(136, 136, 136);"">MÃ¬nh khÃ´ng tÃ¬m Ä‘Æ°á»£c con sá»‘ cá»¥ thá»ƒ á»Ÿ Viá»‡t Nam, nhÆ°ng theo bÃ¡o chÃ­ thÃ¬ Ä‘á»™ tuá»•i trung bÃ¬nh phá»¥ ná»¯ sinh con Ä‘áº§u lÃ²ng ngÃ y cÃ ng lá»›n hÆ¡n, vÃ  Cá»¥c dÃ¢n sá»‘ lo ngáº¡i vá» Ä‘iá»u nÃ y. Táº¥t nhiÃªn mÃ¬nh nghÄ© váº«n cÃ³ chÃªnh lá»‡ch giá»¯a thÃ nh thá»‹ vÃ  nÃ´ng thÃ´n.<br style=""box-sizing: inherit;""><br style=""box-sizing: inherit;"">á» Má»¹ hiá»‡n nay Ä‘á»™ tuá»•i trung bÃ¬nh lÃ  26. Gia Ä‘Ã¬nh mÃ¬nh giá»¯ vá»¯ng truyá»n thá»‘ng sinh con á»Ÿ tuá»•i 23, tá»« Ä‘á»i bÃ  ngoáº¡i mÃ¬nh tá»›i mÃ¬nh&nbsp;<img draggable=""false"" role=""img"" class=""emoji"" alt=""ğŸ˜€"" src=""https://s0.wp.com/wp-content/mu-plugins/wpcom-smileys/twemoji/2/svg/1f600.svg"" scale=""0"" style=""box-sizing: inherit; max-width: 100%; height: 1em !important; display: inline !important; border-width: initial !important; border-color: initial !important; border-image: initial !important; box-shadow: none !important; width: 1em !important; margin: 0px 0.07em !important; vertical-align: -0.1em !important; background: none !important; padding: 0px !important;"">&nbsp;</p><p style=""box-sizing: inherit; font-family: &quot;EB Garamond&quot;, serif; line-height: 1.7; margin-bottom: 1.5em; text-rendering: optimizelegibility; color: rgb(136, 136, 136);""><span style=""box-sizing: inherit; font-weight: 700; line-height: inherit;"">6. Phá»¥ huynh tháº¿ há»‡ Y cÃ³ xu hÆ°á»›ng khÃ´ng hÃ¬nh thÃ nh mÃ´ hÃ¬nh gia Ä‘Ã¬nh truyá»n thá»‘ng<br style=""box-sizing: inherit;""></span><br style=""box-sizing: inherit;"">NÃ³i nÃ´m na lÃ  bá»n TÃ¢y cá»© á»Ÿ vá»›i nhau mÃ  khÃ´ng thÃ­ch cÆ°á»›i. MÃ¬nh nghÄ© trÆ°á»ng há»£p nÃ y khÃ´ng Ä‘Ãºng láº¯m vá»›i vÄƒn hoÃ¡ Viá»‡t Nam. Tuy nhiÃªn, náº¿u nÃ³i tÃ¬nh tráº¡ng Tháº¿ há»‡ Y á»Ÿ Viá»‡t Nam dá»… ly dá»‹ hÆ¡n, hoáº·c Äƒn kem trÆ°á»›c cá»•ng hÆ¡n thÃ¬ cháº¯c cháº¯n Ä‘Ãºng.<br style=""box-sizing: inherit;""><br style=""box-sizing: inherit;""><span style=""box-sizing: inherit; font-weight: 700; line-height: inherit;"">7. Phá»¥ huynh tháº¿ Y Ä‘áº·t tÃªn con â€œthoÃ¡ngâ€ hÆ¡n<br style=""box-sizing: inherit;""></span><br style=""box-sizing: inherit;"">CÃ³ Ä‘Ãºng khÃ´ng cÃ¡c báº¡n? NgÃ y nay cha máº¹ thÃ­ch Ä‘áº·t tÃªn con Ä‘áº·c biá»‡t vÃ  khÃ¡c biá»‡t. NgÃ y xÆ°a thÃ¬ chá»‰ mong má»™t cÃ¡i tÃªn bÃ¬nh thÆ°á»ng, khÃ´ng quÃ¡ ná»•i trá»™i Ä‘á»ƒ trÃ¡nh bá»‹ chÃº Ã½. Äáº·t biá»‡t, mÃ¬nh tin lÃ  Ä‘áº¿n hÆ¡n 80% tráº» em Viá»‡t Nam tháº¿ há»‡ Z vÃ  sau Z khÃ´ng cÃ³ chá»¯ VÄƒn vÃ  Thá»‹ trong tÃªn ná»¯a.<br style=""box-sizing: inherit;""><br style=""box-sizing: inherit;""><span style=""box-sizing: inherit; font-weight: 700; line-height: inherit;"">8. ÄÃ n Ã´ng thuá»™c tháº¿ há»‡ Y cÃ³ xu hÆ°á»›ng Ä‘áº£m nháº­n viá»‡c nhÃ  vÃ  chÄƒm sÃ³c con cÃ¡i hÆ¡n so vá»›i trÆ°á»›c Ä‘Ã¢y â€“ máº·c dÃ¹ phá»¥ ná»¯ váº«n lÃ m lÃ  chÃ­nh</span></p><p style=""box-sizing: inherit; font-family: &quot;EB Garamond&quot;, serif; line-height: 1.7; margin-bottom: 1.5em; text-rendering: optimizelegibility; color: rgb(136, 136, 136);"">NgÃ y nÃ y nam giá»›i chá»‹u khÃ³ lÃ m viá»‡c nhÃ  hÆ¡n tháº¿ há»‡ trÆ°á»›c. Tuy nhiÃªn, 70% chá»‹ em tham gia trong kháº£o sÃ¡t nÄƒm 2015 cá»§a&nbsp;<a href=""https://www.cnbc.com/2015/04/28/me-is-like-leave-it-to-beaver.html"" style=""box-sizing: inherit; transition: all 0.2s ease 0s; color: rgb(232, 85, 78); line-height: inherit; word-break: break-word;"">CNBC</a>&nbsp;nÃ³i ráº±ng há» váº«n lÃ m viá»‡c gáº·t giÅ© vÃ  sá»‘ chá»‹ em náº¥u cÆ¡m nhiá»u gáº§n gáº¥p Ä‘Ã´i cÃ¡c anh em. NÃ³i chung lÃ  cÃ¡c chá»‹ em váº«n&nbsp;<a href=""https://depthoffeelings.wordpress.com/2020/12/20/lam-me-lam-viec-tai-nha/"" style=""box-sizing: inherit; transition: all 0.2s ease 0s; color: rgb(232, 85, 78); line-height: inherit; word-break: break-word;"">váº¥t váº£ vá»›i trÄƒm thá»© viá»‡c khÃ´ng tÃªn.</a></p><p style=""box-sizing: inherit; font-family: &quot;EB Garamond&quot;, serif; line-height: 1.7; margin-bottom: 1.5em; text-rendering: optimizelegibility; color: rgb(136, 136, 136);"">MÃ¬nh thÃ¬ tháº¥y Ä‘Ã n Ã´ng TÃ¢y chÄƒm chá»‰ pháº¿t mÃ  váº«n bá»‹ vá»£ kÃªu; cÃ²n cÃ¡c anh Viá»‡t Nam tháº¿ há»‡ Y thÃ¬ Ä‘Ãºng lÃ  cÃ³ tiáº¿n bá»™ nhÆ°ng váº«n cáº§n pháº£i cá»‘ gáº¯ng nhiá»u hÆ¡n ná»¯a.</p><p style=""box-sizing: inherit; font-family: &quot;EB Garamond&quot;, serif; line-height: 1.7; margin-bottom: 1.5em; text-rendering: optimizelegibility; color: rgb(136, 136, 136);"">Bao giá» má»›i Ä‘Æ°á»£c nhÆ° nÃ y nhá»‰?</p><div class=""wp-block-image"" style=""box-sizing: inherit; margin: 0px 0px 1em; color: rgb(136, 136, 136); font-family: &quot;EB Garamond&quot;, serif;""><figure class=""aligncenter size-large"" style=""box-sizing: inherit; display: table; margin-right: auto; margin-bottom: 0px; margin-left: auto; clear: both;""><a href=""https://depthoffeelings.files.wordpress.com/2021/04/druip7lxqaaelzl.jpeg"" style=""box-sizing: inherit; transition: all 0.2s ease 0s; color: rgb(232, 85, 78); line-height: inherit; word-break: break-word;""></a></figure></div><p style=""box-sizing: inherit; font-family: &quot;EB Garamond&quot;, serif; line-height: 1.7; margin-bottom: 1.5em; text-rendering: optimizelegibility; color: rgb(136, 136, 136);""><br style=""box-sizing: inherit;""><span style=""box-sizing: inherit; font-weight: 700; line-height: inherit;"">9. Phá»¥ huynh tháº¿ há»‡ Y hay/thÃ­ch khen con</span></p><p style=""box-sizing: inherit; font-family: &quot;EB Garamond&quot;, serif; line-height: 1.7; margin-bottom: 1.5em; text-rendering: optimizelegibility; color: rgb(136, 136, 136);"">KhÃ´ng biáº¿t má»i ngÆ°á»i tháº¿ nÃ o chá»© Ä‘Ãºng lÃ  mÃ¬nh hay khen con tháº­t. MÃ¬nh tÆ°á»Ÿng lÃ  do mÃ¬nh bá»‹ áº£nh hÆ°á»Ÿng bá»Ÿi vÄƒn hoÃ¡ phÆ°Æ¡ng TÃ¢y. HoÃ¡ ra chÃ­nh cÃ¡c báº¡n TÃ¢y cÅ©ng tháº¥y lÃ  tháº¿ há»‡ Y khen con nhiá»u hÆ¡n Æ°?<br style=""box-sizing: inherit;""><br style=""box-sizing: inherit;"">CÃ¡ nhÃ¢n mÃ¬nh cÅ©ng theo thuyáº¿t TÃ¢m lÃ½ há»c TÃ­ch cá»±c, tá»©c lÃ  chá»n nhá»¯ng Ä‘iá»ƒm tÃ­ch cá»±c á»Ÿ con Ä‘á»ƒ khen, vÃ  khÃ´ng phÃª phÃ¡n Ä‘iá»ƒm chÆ°a tá»‘t. CÃ³ láº½ háº¿u háº¿t cÃ¡c bá»‘ máº¹ tháº¿ há»‡ Y Ä‘á»u tháº¥m nhuáº§n tÆ° tÆ°á»Ÿng nÃ y. DÃ¹ sao khen con nhiá»u hÆ¡n váº«n tá»‘t hÆ¡n lÃ &nbsp;<a href=""https://depthoffeelings.wordpress.com/2020/12/12/ky-luat-bang-su-xau-ho/"" style=""box-sizing: inherit; transition: all 0.2s ease 0s; color: rgb(232, 85, 78); line-height: inherit; word-break: break-word;"">lÃ m cho con cáº£m tháº¥y xáº¥u há»•</a>.</p><p style=""box-sizing: inherit; font-family: &quot;EB Garamond&quot;, serif; line-height: 1.7; margin-bottom: 1.5em; text-rendering: optimizelegibility; color: rgb(136, 136, 136);""><span style=""box-sizing: inherit; font-weight: 700; line-height: inherit;"">10. Phá»¥ huynh tháº¿ há»‡ Y khÃ´ng coi trá»ng thá»i gian chÆ¡i báº±ng tháº¿ há»‡ trÆ°á»›c</span></p><p style=""box-sizing: inherit; font-family: &quot;EB Garamond&quot;, serif; line-height: 1.7; margin-bottom: 1.5em; text-rendering: optimizelegibility; color: rgb(136, 136, 136);"">LÃ  bá»Ÿi ngÃ y nÃ y tháº¿ há»‡ Y cÃ³&nbsp;<a href=""https://depthoffeelings.wordpress.com/2020/11/28/de-con-lon-len-cung-sach-thay-vi-tivi-dien-thoai/"" style=""box-sizing: inherit; transition: all 0.2s ease 0s; color: rgb(232, 85, 78); line-height: inherit; word-break: break-word;"">Internet, mÃ¡y tÃ­nh báº£ng vÃ  Ä‘iá»‡n thoáº¡i thÃ´ng minh trÃ´ng con giÃ¹m</a>? NhÆ°ng thÃº thá»±c mÃ¬nh tháº¥y Ä‘iá»ƒm nÃ y khÃ¡ vÃ´ lÃ½ vÃ  mÃ¢u thuáº«n vá»›i Ä‘iá»ƒm sá»‘ 9 vÃ  sá»‘ 3, tháº­m chÃ­ lÃ  sá»‘ 11 dÆ°á»›i Ä‘Ã¢y.</p><p style=""box-sizing: inherit; font-family: &quot;EB Garamond&quot;, serif; line-height: 1.7; margin-bottom: 1.5em; text-rendering: optimizelegibility; color: rgb(136, 136, 136);""><span style=""box-sizing: inherit; font-weight: 700; line-height: inherit;"">11. Phá»¥ huynh tháº¿ há»‡ Y Ä‘Æ°a con ra ngoÃ i chÆ¡i nhiá»u hÆ¡n</span></p><p style=""box-sizing: inherit; font-family: &quot;EB Garamond&quot;, serif; line-height: 1.7; margin-bottom: 1.5em; text-rendering: optimizelegibility; color: rgb(136, 136, 136);"">LÃ½ do cÃ³ láº½ lÃ  thá»i nay cÃ³ nhiá»u chá»— chÆ¡i hÆ¡n? CÅ©ng cÃ³ thá»ƒ ngÃ y nay cÃ¡c bÃ¡c sÄ© thÆ°á»ng xuyÃªn khuyÃªn cha máº¹ lÃ m Ä‘iá»u nÃ y, vÃ¬ chÆ¡i ngoÃ i trá»i nhiá»u giÃºp con&nbsp;<a href=""https://depthoffeelings.wordpress.com/2019/12/07/van-dong-hang-ngay/"" style=""box-sizing: inherit; transition: all 0.2s ease 0s; color: rgb(232, 85, 78); line-height: inherit; word-break: break-word;"">nÃ¢ng cao sá»©c khoáº» tinh tháº§n vÃ  thá»ƒ cháº¥t.</a><br style=""box-sizing: inherit;""><br style=""box-sizing: inherit;"">NhÃ  mÃ¬nh ráº¥t thÃ­ch Ä‘Æ°a con ra ngoÃ i thiÃªn nhiÃªn chÆ¡i, cÃ´ng viÃªn, biá»ƒn, vÃ¹ng nÃ´ng thÃ´nâ€¦miá»…n sao chÃºng nÃ³ Ä‘Æ°á»£c tiáº¿p xÃºc vá»›i khÃ´ng khÃ­ trong lÃ nh cÃ ng nhiá»u cÃ ng tá»‘t.</p><p style=""box-sizing: inherit; font-family: &quot;EB Garamond&quot;, serif; line-height: 1.7; margin-bottom: 1.5em; text-rendering: optimizelegibility; color: rgb(136, 136, 136);""><span style=""box-sizing: inherit; font-weight: 700; line-height: inherit;"">12. Phá»¥ huynh tháº¿ há»‡ Y cÃ³ xu hÆ°á»›ng nÃ³i chuyá»‡n vá»›i con vá» tiá»n báº¡c</span></p><p style=""box-sizing: inherit; font-family: &quot;EB Garamond&quot;, serif; line-height: 1.7; margin-bottom: 1.5em; text-rendering: optimizelegibility; color: rgb(136, 136, 136);"">NhÃ  mÃ¬nh thÃ¬ con mÃ¬nh cÃ³ tiá»n tiÃªu váº·t sá»›m hÆ¡n mÃ¬nh&nbsp;<img draggable=""false"" role=""img"" class=""emoji"" alt=""ğŸ˜€"" src=""https://s0.wp.com/wp-content/mu-plugins/wpcom-smileys/twemoji/2/svg/1f600.svg"" scale=""0"" style=""box-sizing: inherit; max-width: 100%; height: 1em !important; display: inline !important; border-width: initial !important; border-color: initial !important; border-image: initial !important; box-shadow: none !important; width: 1em !important; margin: 0px 0.07em !important; vertical-align: -0.1em !important; background: none !important; padding: 0px !important;"">&nbsp;Há»“i xÆ°a tiá»n má»«ng tuá»•i cÅ©ng Ä‘Æ°a máº¹ giá»¯ háº¿t.</p><p style=""box-sizing: inherit; font-family: &quot;EB Garamond&quot;, serif; line-height: 1.7; margin-bottom: 1.5em; text-rendering: optimizelegibility; color: rgb(136, 136, 136);""><span style=""box-sizing: inherit; font-weight: 700; line-height: inherit;"">13. CÃ¡c Ã´ng bá»‘ tháº¿ há»‡ Y Ä‘ang chá»‘ng láº¡i Ä‘á»‹nh kiáº¿n vá» sá»± kÃ©m cá»i cá»§a ngÆ°á»i cha</span></p><p class=""has-text-align-justify"" style=""box-sizing: inherit; font-family: &quot;EB Garamond&quot;, serif; line-height: 1.7; margin-bottom: 1.5em; text-rendering: optimizelegibility; text-align: justify; color: rgb(136, 136, 136);"">NgÃ y nay ngÆ°á»i ta cá»‘ gáº¯ng xoÃ¡ bá» hÃ¬nh tÆ°á»£ng nhá»¯ng Ã´ng bá»‘ thá» Æ¡, thiáº¿u trÃ¡ch nhiá»‡m, Ã­t chÄƒm sÃ³c con cÃ¡i báº±ng nhá»¯ng hÃ¬nh áº£nh quáº£ng cÃ¡o nhÆ° tháº¿ nÃ y. KhÃ´ng biáº¿t á»Ÿ Viá»‡t Nam Ä‘Ã£ báº¯t Ä‘áº§u xu hÆ°á»›ng nÃ y chÆ°a?</p><div class=""wp-block-image"" style=""box-sizing: inherit; margin: 0px 0px 1em; color: rgb(136, 136, 136); font-family: &quot;EB Garamond&quot;, serif;""><figure class=""aligncenter size-large is-resized"" style=""box-sizing: inherit; display: table; margin-right: auto; margin-bottom: 0px; margin-left: auto; clear: both;""><a href=""https://depthoffeelings.files.wordpress.com/2021/04/huggies.jpeg"" style=""box-sizing: inherit; transition: all 0.2s ease 0s; color: rgb(232, 85, 78); line-height: inherit; word-break: break-word;""></a></figure></div><p style=""box-sizing: inherit; font-family: &quot;EB Garamond&quot;, serif; line-height: 1.7; margin-bottom: 1.5em; text-rendering: optimizelegibility; color: rgb(136, 136, 136);""><span style=""box-sizing: inherit; font-weight: 700; line-height: inherit;"">14. Phá»¥ huynh tháº¿ há»‡ Y Ä‘Ã´i khi Ä‘ang Ã¡p dá»¥ng cÃ¡ch nuÃ´i dáº¡y con cÃ¡i khÃ´ng phÃ¢n biá»‡t giá»›i tÃ­nh</span></p><p style=""box-sizing: inherit; font-family: &quot;EB Garamond&quot;, serif; line-height: 1.7; margin-bottom: 1.5em; text-rendering: optimizelegibility; color: rgb(136, 136, 136);"">Nhiá»u phá»¥ huynh tháº¿ há»‡ Y chá»§ Ä‘Ã­ch khÃ´ng Ã¡p Ä‘áº·t Ä‘á»‹nh kiáº¿n giá»›i cho con cÃ¡i: mua quáº§n Ã¡o Ä‘á»§ cÃ¡c loáº¡i mÃ u cho con (khÃ´ng nháº¥t thiáº¿t con gÃ¡i pháº£i máº·c mÃ u há»“ng vÃ  con trai thÃ¬ khÃ´ng Ä‘Æ°á»£c máº·c mÃ u há»“ng); mua Ä‘á»“ chÆ¡i mÃ  con muá»‘n (khá»§ng long, Ã´ tÃ´ cho con gÃ¡i vÃ  Ä‘á»“ náº¥u Äƒn cho con trai),&nbsp;<a href=""https://depthoffeelings.wordpress.com/2020/03/08/chung-ta-dang-day-cac-cau-be-dieu-gi-khi-khong-cho-chung-doc-nhung-cuon-sach-viet-ve-con-gai/"" style=""box-sizing: inherit; transition: all 0.2s ease 0s; color: rgb(232, 85, 78); line-height: inherit; word-break: break-word;"">Ä‘á»c báº¥t cá»© thá»ƒ sÃ¡ch nÃ o con thÃ­ch</a>.<br style=""box-sizing: inherit;""><br style=""box-sizing: inherit;"">Há» cho ráº±ng con cÃ³ quyá»n tá»± lá»±a chá»n báº£n sáº¯c cá»§a mÃ¬nh, báº¥t cháº¥p giá»›i tÃ­nh sinh há»c lÃ  gÃ¬. CÃ¡c báº¡n nghÄ© sao?</p><p style=""box-sizing: inherit; font-family: &quot;EB Garamond&quot;, serif; line-height: 1.7; margin-bottom: 1.5em; text-rendering: optimizelegibility; color: rgb(136, 136, 136);""><span style=""box-sizing: inherit; font-weight: 700; line-height: inherit;"">15.&nbsp;<span style=""box-sizing: inherit; line-height: inherit;"">Phá»¥ huynh tháº¿ há»‡ Y</span></span>&nbsp;<span style=""box-sizing: inherit; font-weight: 700; line-height: inherit;"">muá»‘n biáº¿t ráº±ng cÃ¡c thÆ°Æ¡ng hiá»‡u há» mua pháº£n Ã¡nh giÃ¡ trá»‹ cá»§a há»</span></p><p style=""box-sizing: inherit; font-family: &quot;EB Garamond&quot;, serif; line-height: 1.7; margin-bottom: 1.5em; text-rendering: optimizelegibility; color: rgb(136, 136, 136);"">NÃ³i khÃ´ng vá»›i hÃ ng láº­u Trung Quá»‘c, nÃ³i khÃ´ng vá»›i hÃ ng nhÃ¡i hÃ ng giáº£, nÃ³i khÃ´ng vá»›i sáº£n pháº©m gÃ¢y háº¡i tá»›i mÃ´i trÆ°á»ng, nÃ³i khÃ´ng vá»›i sáº£n pháº©m vi pháº¡m Ä‘áº¡o Ä‘á»©c kinh doanh.</p><p style=""box-sizing: inherit; font-family: &quot;EB Garamond&quot;, serif; line-height: 1.7; margin-bottom: 1.5em; text-rendering: optimizelegibility; color: rgb(136, 136, 136);"">Bravo!</p><p style=""box-sizing: inherit; font-family: &quot;EB Garamond&quot;, serif; line-height: 1.7; margin-bottom: 1.5em; text-rendering: optimizelegibility; color: rgb(136, 136, 136);""><span style=""box-sizing: inherit; font-weight: 700; line-height: inherit;"">16. Gia Ä‘Ã¬nh tháº¿ há»‡ Y Ä‘i du lá»‹ch nhiá»u hÆ¡n</span></p><p style=""box-sizing: inherit; font-family: &quot;EB Garamond&quot;, serif; line-height: 1.7; margin-bottom: 1.5em; text-rendering: optimizelegibility; color: rgb(136, 136, 136);"">Äá»i cÃ³ máº¥y tÃ­, khÃ´ng Ä‘i thÃ¬ phÃ­, cÃ¡c báº¡n nhá»‰? CÃ¡c thuáº­t ngá»¯ kiá»ƒu â€œphÆ°á»£tâ€, â€œÄ‘i trá»‘nâ€, â€œdu lá»‹ch bá»¥iâ€ lÃ  nhá»¯ng khÃ¡i niÃªm sinh ra cÃ¹ng tháº¿ há»‡ Y chá»© Ä‘Ã¢u.&nbsp;<a href=""https://depthoffeelings.wordpress.com/2017/08/05/dua-tre-con-di-choi/"" style=""box-sizing: inherit; transition: all 0.2s ease 0s; color: rgb(232, 85, 78); line-height: inherit; word-break: break-word;"">ÄÆ°a con Ä‘i chÆ¡i</a>&nbsp;cÅ©ng sáº½ giÃºp con tÃ­ch luá»¹ nhá»¯ng tráº£i nghiá»‡m thÃº vá»‹ vÃ  bá»• Ã­ch.</p><p style=""box-sizing: inherit; font-family: &quot;EB Garamond&quot;, serif; line-height: 1.7; margin-bottom: 1.5em; text-rendering: optimizelegibility; color: rgb(136, 136, 136);""><span style=""box-sizing: inherit; font-weight: 700; line-height: inherit;"">17. Cha máº¹ tháº¿ há»‡ Y khÃ´ng pháº£i lÃºc nÃ o cÅ©ng sáºµn sÃ ng vá»›i cÃ¡c chÃ¡u</span></p><p style=""box-sizing: inherit; font-family: &quot;EB Garamond&quot;, serif; line-height: 1.7; margin-bottom: 1.5em; text-rendering: optimizelegibility; color: rgb(136, 136, 136);"">Cha máº¹ cá»§a chÃºng ta cÅ©ng báº¯t Ä‘áº§u tháº¥m nhuáº§n tÆ° tÆ°á»Ÿng â€œcon ai ngÆ°á»i áº¥y nuÃ´iâ€. Chá»© cÃ¡c cá»¥ Ä‘áº¿n&nbsp;<a href=""https://depthoffeelings.wordpress.com/2020/12/02/ve-huu-thi-lam-gi/"" style=""box-sizing: inherit; transition: all 0.2s ease 0s; color: rgb(232, 85, 78); line-height: inherit; word-break: break-word;"">tuá»•i vá» hÆ°u</a>&nbsp;rá»“i mÃ  cÃ²n pháº£i Ä‘i lÃ m ngÆ°á»i trÃ´ng tráº» thÃ¬ cÅ©ng má»‡t má»i láº¯m.</p><p style=""box-sizing: inherit; font-family: &quot;EB Garamond&quot;, serif; line-height: 1.7; margin-bottom: 1.5em; text-rendering: optimizelegibility; color: rgb(136, 136, 136);""><span style=""box-sizing: inherit; font-weight: 700; line-height: inherit;"">18. CÃ¡c bÃ  máº¹ tháº¿ há»‡ Y quan tÃ¢m Ä‘áº¿n dinh dÆ°á»¡ng cá»§a con nhiá»u hÆ¡n</span></p><p style=""box-sizing: inherit; font-family: &quot;EB Garamond&quot;, serif; line-height: 1.7; margin-bottom: 1.5em; text-rendering: optimizelegibility; color: rgb(136, 136, 136);"">Tháº¿ há»‡ Y Ä‘Ã´i khi bá»‹ quÃ¡ táº£i vá»›i nhá»¯ng thÃ´ng tin kiá»ƒu nhÆ° Ä‚n dáº·m kiá»ƒu Nháº­t, Ä‚n dáº·m bÃ© tá»± chá»‰ huy, Ä‚n dáº·m kiá»ƒu PhÃ¡pâ€¦ MÃ¬nh nhÃ¬n tháº¥y sá»± dá»‹ch chuyá»ƒn rÃµ rÃ ng giá»¯a nuÃ´i con kiá»ƒu truyá»n thá»‘ng (Äƒn bá»™t, Äƒn nhá»“i nhÃ©t) sang nhá»¯ng&nbsp;<a href=""https://depthoffeelings.wordpress.com/2017/01/07/vi-suc-khoe/"" style=""box-sizing: inherit; transition: all 0.2s ease 0s; color: rgb(232, 85, 78); line-height: inherit; word-break: break-word;"">phÆ°Æ¡ng phÃ¡p khoa há»c</a>&nbsp;hÆ¡n. Tuy nhiÃªn, cÅ©ng nhÃ¬n tháº¥y sá»± váº¥t váº£ cá»§a cÃ¡c máº¹ khi pháº£i Ä‘áº¥u tranh giá»¯a â€œtruyá»n thá»‘ngâ€ (ngÆ°á»i mÃ  ai cÅ©ng biáº¿t lÃ  ai) vÃ  â€œhiá»‡n Ä‘áº¡iâ€.</p><p style=""box-sizing: inherit; font-family: &quot;EB Garamond&quot;, serif; line-height: 1.7; margin-bottom: 1.5em; text-rendering: optimizelegibility; color: rgb(136, 136, 136);""><span style=""box-sizing: inherit; font-weight: 700; line-height: inherit;"">19. CÃ¡c bÃ  máº¹ tháº¿ há»‡ Y cÃ³ xu hÆ°á»›ng cho con bÃº</span><br style=""box-sizing: inherit;""><br style=""box-sizing: inherit;"">HÃ¬nh nhÆ° á»Ÿ VN thÃ¬ ngÆ°á»£c láº¡i. CÃ¡c máº¹ cháº¥p nháº­n cho con dÃ¹ng sá»¯a cÃ´ng thá»©c nhiá»u hÆ¡n, trong khi xu hÆ°á»›ng nÃ y Ä‘ang ngÆ°á»£c láº¡i á»Ÿ cÃ¡c nÆ°á»›c phÆ°Æ¡ng TÃ¢y.</p><p style=""box-sizing: inherit; font-family: &quot;EB Garamond&quot;, serif; line-height: 1.7; margin-bottom: 1.5em; text-rendering: optimizelegibility; color: rgb(136, 136, 136);""><span style=""box-sizing: inherit; font-weight: 700; line-height: inherit;"">20. Phá»¥ huynh tháº¿ há»‡ Y Ã­t Ä‘á»‹nh hÆ°á»›ng tÃ´n giÃ¡o cho con</span></p><p style=""box-sizing: inherit; font-family: &quot;EB Garamond&quot;, serif; line-height: 1.7; margin-bottom: 1.5em; text-rendering: optimizelegibility; color: rgb(136, 136, 136);"">NÃ³i chung mÃ¬nh tháº¥y á»Ÿ VN má»i ngÆ°á»i khÃ´ng quan tÃ¢m Ä‘áº¿n tÃ´n giÃ¡o láº¯m. ChÃºng ta cÃ³ thá»ƒ Ä‘i chÃ¹a tháº¯p hÆ°Æ¡ng dÃ¢ng lá»… nhÆ°ng khÃ´ng nháº¥t thiáº¿t lÃ  pháº£i theo Ä‘áº¡o Pháº­t. Pháº§n lá»›n dÃ¢n sá»‘ thá» cÃºng tá»• tiÃªn nhÆ° má»™t truyá»n thá»‘ng, cÅ©ng giá»‘ng nhÆ° ngÆ°á»i phÆ°Æ¡ng TÃ¢y tá»• chá»©c lá»… GiÃ¡ng Sinh hÃ ng nÄƒm trong khi há» khÃ´ng theo Ä‘áº¡o vÃ  Ä‘i nhÃ  thá».</p>","Admin","1","2021-09-11T14:14:48.000000Z","2021-09-11T14:14:48.000000Z"
"7","Äá»ƒ má»—i ngÃ y Ä‘áº¿n trÆ°á»ng Ä‘á»u vui","de-moi-ngay-den-truong-deu-vui","de-moi-ngay-den-truong-deu-vui","1631546733-img.jpg","<p>Con t&ocirc;i Ä‘ang há»c lá»›p 8 á»Ÿ má»™t trÆ°á»ng cáº¥p 2 táº¡i Ph&aacute;p. Má»™t buá»•i chiá»u, sau khi Ä‘i há»c vá», con ká»ƒ vá»›i t&ocirc;i ráº±ng h&ocirc;m nay v&agrave;o giá» há»c VÄƒn, con c&oacute; b&agrave;i tr&igrave;nh b&agrave;y trÆ°á»›c cáº£ lá»›p vá» b&agrave;i thÆ¡ y&ecirc;u th&iacute;ch nháº¥t. NhÆ°ng m&agrave; con run qu&aacute; n&ecirc;n kh&ocirc;ng l&agrave;m Ä‘Æ°á»£c.<br />
<br />
&ndash; Tháº¿ l&agrave; con bá»‹ Ä‘iá»ƒm k&eacute;m hay sao? T&ocirc;i lo láº¯ng há»i.&nbsp;</p>

<p>&ldquo;Kh&ocirc;ng Ä‘&acirc;u, máº¹ Ä‘á»«ng lo&rdquo;, con g&aacute;i tráº¥n an t&ocirc;i. C&ocirc; gi&aacute;o cho ph&eacute;p con ng&agrave;y mai tráº£ b&agrave;i, c&ocirc; báº£o h&ocirc;m nay h&igrave;nh nhÆ° con bá»‹ lo láº¯ng qu&aacute; má»©c rá»“i.<br />
<br />
Ng&agrave;y h&ocirc;m sau, khi Ä‘&atilde; tráº¥n tÄ©nh hÆ¡n, con t&ocirc;i tráº£ b&agrave;i lÆ°u lo&aacute;t. Con cÅ©ng kh&ocirc;ng qu&ecirc;n cáº£m Æ¡n c&ocirc; Ä‘&atilde; cho con &ldquo;cÆ¡ há»™i thá»© hai&rdquo;, náº¿u kh&ocirc;ng con Ä‘&atilde; bá»‹ Ä‘iá»ƒm k&eacute;m. C&ocirc; chá»‰ nháº¹ nh&agrave;ng tráº£ lá»i ráº±ng, ng&agrave;y xÆ°a, l&uacute;c c&ograve;n Ä‘i há»c c&ocirc; cÅ©ng thÆ°á»ng bá»‹ lo láº¯ng nhÆ° em, n&ecirc;n c&ocirc; hiá»ƒu.<br />
<br />
C&acirc;u chuyá»‡n cá»§a con g&aacute;i khiáº¿n t&ocirc;i nhá»› láº¡i thá»i c&ograve;n Ä‘i há»c phá»• th&ocirc;ng, Ä‘&atilde; bao giá» t&ocirc;i Ä‘Æ°á»£c nháº­n má»™t cÆ¡ há»™i thá»© hai chÆ°a nhá»‰? CÅ©ng nhÆ° con g&aacute;i, t&ocirc;i thÆ°á»ng bá»‹ lo láº¯ng qu&aacute; má»©c khi n&oacute;i trÆ°á»›c cáº£ lá»›p. Má»—i láº§n bá»‹ c&ocirc; gi&aacute;o gá»i l&ecirc;n há»i b&agrave;i l&agrave; Ä‘áº§u &oacute;c t&ocirc;i tá»± dÆ°ng cá»©ng Ä‘Æ¡, trá»‘ng rá»—ng, c&acirc;u chá»¯ tu&ocirc;n ra lá»™n xá»™n kh&ocirc;ng r&otilde; Ä‘áº§u Ä‘u&ocirc;i.&nbsp;</p>

<p>Máº·c d&ugrave; nÄƒng lá»±c há»c táº­p thá»i phá»• th&ocirc;ng cá»§a t&ocirc;i kh&ocirc;ng Ä‘áº¿n ná»—i k&eacute;m cá»i g&igrave;, nhÆ°ng t&ocirc;i váº«n bá»‹ &aacute;m áº£nh vá» nhá»¯ng b&agrave;i kiá»ƒm tra tr&ecirc;n lá»›p, Ä‘áº·c biá»‡t l&agrave; Ä‘á»‘i vá»›i m&ocirc;n To&aacute;n, m&ocirc;n há»c m&agrave; t&ocirc;i sá»£ h&atilde;i nháº¥t. Äáº¿n ná»—i m&agrave; ngay cáº£ khi Ä‘&atilde; v&agrave;o Ä‘áº¡i há»c, t&ocirc;i váº«n thÆ°á»ng mÆ¡ tháº¥y m&igrave;nh Ä‘ang loay hoay vá»›i b&agrave;i kiá»ƒm tra To&aacute;n v&agrave; giáº­t m&igrave;nh tháº£ng thá»‘t giá»¯a Ä‘&ecirc;m.<br />
<br />
T&ocirc;i váº«n tá»± há»i, Ä‘iá»u g&igrave; khiáº¿n t&ocirc;i láº¡i c&oacute; nhá»¯ng tráº£i nghiá»‡m g&acirc;y &aacute;m áº£nh vá»›i trÆ°á»ng há»c Ä‘áº¿n váº­y. R&otilde; r&agrave;ng lÅ© há»c sinh ch&uacute;ng t&ocirc;i lu&ocirc;n lo láº¯ng vá» Ä‘iá»ƒm sá»‘, vá» th&agrave;nh t&iacute;ch, vá» nhá»¯ng b&agrave;i kiá»ƒm tra v&agrave; nhá»¯ng cuá»™c thi. Chá»‰ má»™t b&agrave;i thi Ä‘iá»ƒm k&eacute;m cÅ©ng Ä‘&atilde; khiáº¿n ch&uacute;ng t&ocirc;i máº¥t Äƒn máº¥t ngá»§ v&agrave; t&igrave;m c&aacute;ch b&ugrave; v&agrave;o Ä‘á»ƒ giá»¯ vá»¯ng danh hiá»‡u há»c sinh giá»i.<br />
<br />
Khi t&acirc;m sá»± Ä‘iá»u n&agrave;y vá»›i báº¡n b&egrave;, t&ocirc;i má»›i ph&aacute;t hiá»‡n ra, m&igrave;nh kh&ocirc;ng pháº£i l&agrave; trÆ°á»ng há»£p duy nháº¥t.&nbsp;</p>

<p>Con c&aacute;i t&ocirc;i th&igrave; kh&aacute;c, ch&uacute;ng n&oacute; kh&ocirc;ng sá»£ trÆ°á»ng há»c, kh&ocirc;ng sá»£ tháº§y c&ocirc; gi&aacute;o, kh&ocirc;ng sá»£ b&agrave;i kiá»ƒm tra hay c&aacute;c k&igrave; thi.<br />
<br />
L&yacute; do, theo t&ocirc;i, Ä‘Æ¡n giáº£n chá»‰ v&igrave; cáº£ tháº§y c&ocirc; gi&aacute;o láº«n há»c sinh Ä‘á»u kh&ocirc;ng chá»‹u báº¥t cá»© &aacute;p lá»±c n&agrave;o vá» Ä‘iá»ƒm sá»‘ hay th&agrave;nh t&iacute;ch. Suá»‘t nhá»¯ng nÄƒm phá»• th&ocirc;ng, há»c sinh chá»‰ c&oacute; 1 ká»³ thi quan trá»ng nháº¥t l&agrave; ká»³ thi t&uacute; t&agrave;i khi há»c xong lá»›p 12.&nbsp;</p>

<p>Nhá»¯ng nÄƒm tiá»ƒu há»c, t&ocirc;i chÆ°a tá»«ng tháº¥y con t&ocirc;i khoe Ä‘iá»ƒm, thay v&agrave;o Ä‘&oacute;, c&aacute;c con Ä‘Æ°á»£c Ä‘&aacute;nh gi&aacute; theo c&aacute;c má»©c kh&aacute;c nhau, tá»« Cáº§n cá»‘ gáº¯ng hÆ¡n, Äáº¡t, Tá»‘t v&agrave; Xuáº¥t Sáº¯c. K&egrave;m theo Ä‘&oacute; l&agrave; nhá»¯ng lá»i nháº­n x&eacute;t ká»¹ lÆ°á»¡ng cá»§a gi&aacute;o vi&ecirc;n Ä‘á»‘i vá»›i tá»«ng má»™t há»c. Báº¯t Ä‘áº§u tá»« cáº¥p 2, con má»›i c&oacute; nhiá»u b&agrave;i kiá»ƒm tra hÆ¡n.<br />
<br />
Äiá»u khiáº¿n t&ocirc;i h&agrave;i l&ograve;ng vá»›i há»‡ thá»‘ng gi&aacute;o dá»¥c á»Ÿ Ä‘&acirc;y l&agrave; c&aacute;c con t&ocirc;i ráº¥t th&iacute;ch Ä‘i há»c v&agrave; ch&uacute;ng kh&ocirc;ng bao giá» giáº¥u dá»‘t. Náº¿u kh&ocirc;ng biáº¿t, Ä‘á»©a n&agrave;o cÅ©ng máº¡nh dáº¡n giÆ¡ tay Ä‘á»ƒ há»i. Ch&uacute;ng kh&ocirc;ng sá»£ tháº§y c&ocirc; gi&aacute;o ch&ecirc; cÆ°á»i v&igrave; nhá»¯ng c&acirc;u há»i cá»§a m&igrave;nh, ká»ƒ cáº£ nhá»¯ng c&acirc;u há»i c&oacute; váº» &ldquo;ng&ocirc; ngh&ecirc;&rdquo;.&nbsp; Tháº­m ch&iacute;, há»c tr&ograve; c&ograve;n Ä‘Æ°á»£c khuyáº¿n kh&iacute;ch Ä‘áº·t c&acirc;u há»i, chá»© kh&ocirc;ng chá»‰ giÆ¡ tay Ä‘á»ƒ xung phong tráº£ lá»i.&nbsp;</p>

<p>B&ecirc;n cáº¡nh Ä‘&oacute;, ngo&agrave;i viá»‡c quan t&acirc;m Ä‘áº¿n há»c lá»±c, gi&aacute;o vi&ecirc;n cÅ©ng ráº¥t Ä‘á»ƒ &yacute; Ä‘áº¿n t&acirc;m tÆ° nguyá»‡n vá»ng cá»§a há»c sinh. C&oacute; dáº¡o, c&ocirc; gi&aacute;o dáº¡y tiáº¿ng Ph&aacute;p Ä‘á»ƒ &yacute; tháº¥y con t&ocirc;i thay Ä‘á»•i t&acirc;m t&iacute;nh, dá»… c&aacute;u gáº¯t vá»›i báº¡n b&egrave; v&agrave; chá»ƒnh máº£ng b&agrave;i táº­p. C&ocirc; liá»n gá»i Ä‘iá»‡n cho ch&uacute;ng t&ocirc;i, Ä‘á» nghá»‹ háº¹n gáº·p Ä‘á»ƒ t&igrave;m hiá»ƒu, v&igrave; c&ocirc; lo sá»£ ráº±ng c&oacute; thay Ä‘á»•i g&igrave; kh&ocirc;ng hay trong gia Ä‘&igrave;nh khiáº¿n cho con trá»Ÿ n&ecirc;n nhÆ° váº­y.<br />
<br />
á» Ph&aacute;p, trong suá»‘t nÄƒm há»c, cá»© sau 10 tuáº§n c&aacute;c ch&aacute;u láº¡i c&oacute; 2 tuáº§n nghá»‰. V&agrave; cá»© sau má»—i ká»³ nghá»‰ nhÆ° váº­y, hiá»‡n tÆ°á»£ng há»c sinh Ä‘i há»c muá»™n hoáº·c ngá»§ gáº­t trong giá» l&agrave; kh&aacute; thÆ°á»ng xuy&ecirc;n v&igrave; c&aacute;c ch&aacute;u quen ngá»§ dáº­y muá»™n khi kh&ocirc;ng pháº£i Ä‘áº¿n trÆ°á»ng. Cháº³ng nhá»¯ng kh&ocirc;ng pháº¡t há»c sinh ngá»§ gáº­t, tháº§y gi&aacute;o cá»§a con t&ocirc;i c&ograve;n ra hiá»‡u cho c&aacute;c báº¡n trong lá»›p n&oacute;i b&eacute; hÆ¡n Ä‘á»ƒ &ldquo;kh&ocirc;ng l&agrave;m báº¡n tá»‰nh giáº¥c&rdquo;. B&ecirc;n cáº¡nh Ä‘&oacute;, tháº§y nháº¯c nhá»Ÿ Ä‘á»“ng loáº¡t c&aacute;c phá»¥ huynh nhá»› cho con Ä‘i ngá»§ sá»›m hÆ¡n Ä‘á»ƒ Ä‘áº£m báº£o sá»©c khoáº» v&agrave; há»c táº­p hiá»‡u quáº£ á»Ÿ trÆ°á»ng.<br />
<br />
Ch&iacute;nh báº±ng nhá»¯ng cá»­ chá»‰ giáº£n dá»‹, gáº§n gÅ©i nhÆ° váº­y m&agrave; c&aacute;c con t&ocirc;i, tá»« b&eacute; Ä‘áº¿n lá»›n Ä‘á»u gáº¯n b&oacute; vá»›i tháº§y c&ocirc; v&agrave; trÆ°á»ng lá»›p. Má»—i ng&agrave;y Ä‘áº¿n trÆ°á»ng cá»§a c&aacute;c con thá»±c sá»± Ä‘á»u l&agrave; nhá»¯ng ng&agrave;y vui.</p>","User","1","2021-09-13T15:25:33.000000Z","2021-09-15T06:21:29.000000Z"
"8","NÄƒm nay Na 1 tuá»•i","nam-nay-na-1-tuoi","nam-nay-na-1-tuoi","1631625933-img.jpg","<p>h&ocirc;m n&agrave;y l&agrave; thá»« 2</p>","Admin","1","2021-09-14T13:25:33.000000Z","2021-09-14T13:25:33.000000Z"
